"Batch","batch_median","correction_value"
"Batch1",23.7851205101863,-0.100322824270478
"Batch10",23.8507916816464,-0.0346516528104139
"Batch2",24.0005396387932,0.115096304336365
"Batch3",23.8986363573476,0.0131930228908033
"Batch4",24.1323812274554,0.246937892998588
"Batch5",23.9572549221462,0.0718115876894316
"Batch6",23.872250311566,-0.0131930228908033
"Batch7",23.7824286320912,-0.103014702365613
"Batch8",23.7055010395259,-0.179942294930882
"Batch9",23.9905971184445,0.105153783987667
